{"mse": 0.6571265545562418, "r2": 0.343448851858128}